[{
        "_id": {
            "$oid": "B001"
        },
        "name": "Green Tea",
        "image": "https://www.thespruceeats.com/thmb/g_OMVEZv51P5059CAdMKBIQgnMQ=/1500x1000/filters:fill(auto,1)/SPR-EATS-8-best-green-tea-4843015-f4267e3ec2f44a57a2fd94bae1fa0a9e.jpg",
        "category": "Bubble Tea",
        "shop": "Chornay",
        "Description": "Fresh, delicious",
        "price": "4$"

    }, {
        "_id": {
            "$oid": "B002"
        },
        "name": "Black Tea",
        "image": "https://media.istockphoto.com/photos/black-tea-in-a-cup-picture-id475614605?k=20&m=475614605&s=612x612&w=0&h=QxyE7nnKJi2m9xoOedKiuLmblGT-87daZPkvHnPP9eY=",
        "category": "Bubble Tea",
        "shop": "Chornay",
        "Description": "Yummy, good",
        "price": "3$"

    }, {
        "_id": {
            "$oid": "B003"
        },
        "name": "Milk tea",
        "image": "https://www.thespruceeats.com/thmb/4q2qtsKAR8x8TMqkBh-UgDpYxvc=/3603x3603/smart/filters:no_upscale()/chocolate-milk-recipe-2355494-hero-01-d44b4548f5904a758ed12d5caa0466fd.jpg",
        "category": "Bubble Tea",
        "shop": "Fane",
        "Description": "Fresh, delicious",
        "price": "5$"

    }, {
        "_id": {
            "$oid": "B004"
        },
        "name": "Chocolate milk",
        "image": "https://www.thespruceeats.com/thmb/4q2qtsKAR8x8TMqkBh-UgDpYxvc=/3603x3603/smart/filters:no_upscale()/chocolate-milk-recipe-2355494-hero-01-d44b4548f5904a758ed12d5caa0466fd.jpg",
        "category": "Bubble Tea",
        "shop": "Thida",
        "Description": "Yummy, good",
        "price": "4$"

    }, {
        "_id": {
            "$oid": "B005"
        },
        "name": "Ovantin",
        "image": "https://i.pinimg.com/474x/f2/11/8a/f2118a97da364738de778a9755c21bf0--ovaltine-my-children.jpg",
        "shop": "Moha",
        "category": "Bubble Tea",
        "Description": "Fresh, delicious",
        "price": "3$"

    }, {
        "_id": {
            "$oid": "B006"
        },
        "name": "Matcha latte",
        "image": "https://40aprons.com/wp-content/uploads/2020/05/iced-matcha-latte-3.jpg",
        "category": "Bubble Tea",
        "shop": "Sokha",
        "Description": "Yummy, good",
        "price": "5$"
    }, {
        "_id": {
            "$oid": "B007"
        },
        "name": "Mango macchiato",
        "image": "https://cdn1.npcdn.net/image/1568971991da7936b8c203fb8248703991b61255ca.png?md5id=0ceed3b289e76c7f6ac4cdd6083a0966&new_width=550&new_height=550&w=-62170009200",
        "category": "Bubble Tea",
        "shop": "Toki",
        "Description": "Yummy, good",
        "price": "4$"
    }, {
        "_id": {
            "$oid": "B008"
        },
        "name": "Lemon tea",
        "image": "https://www.netmeds.com/images/cms/wysiwyg/blog/2020/07/1596006652_lemon_big_2.jpg",
        "category": "Bubble Tea",
        "shop": "Moon",
        "Description": "Yummy, good",
        "price": "3$"
    }, {
        "_id": {
            "$oid": "B009"
        },
        "name": "Strawberry smootie",
        "image": "https://www.netmeds.com/images/cms/wysiwyg/blog/2020/07/1596006652_lemon_big_2.jpg",
        "category": "Bubble Tea",
        "shop": "Sunny",
        "Description": "Fresh, delicious",
        "price": "5$"
    }, {
        "_id": {
            "$oid": "B010"
        },
        "name": "Blueberry smootie",
        "image": "https://blueberry.org/wp-content/uploads/2020/09/2-Balanced-Blueberry-Breakfast-Smoothie.jpg",
        "category": "Bubble Tea",
        "shop": "Mikouy",
        "Description": "Yummy, good",
        "price": "4$"
    }, {
        "_id": {
            "$oid": "B011"
        },
        "name": "Moccha",
        "image": "https://blueberry.org/wp-content/uploads/2020/09/2-Balanced-Blueberry-Breakfast-Smoothie.jpg",
        "category": "Bubble Tea",
        "shop": "DamSam",
        "Description": "Fresh, delicious",
        "price": "3$"
    }, {
        "_id": {
            "$oid": "B012"
        },
        "name": "Cappuccino",
        "image": "https://blueberry.org/wp-content/uploads/2020/09/2-Balanced-Blueberry-Breakfast-Smoothie.jpg",
        "category": "Bubble Tea",
        "shop": "Taiwan",
        "Description": "Yummy, good",
        "price": "5$"
    }, {
        "_id": {
            "$oid": "B011"
        },
        "name": "Moccha",
        "image": "https://www.tasteofhome.com/wp-content/uploads/2018/01/exps37407_THE1213734_37407_WEB.jpg?fit=700,1024",
        "category": "Bubble Tea",
        "shop": "LaoV",
        "Description": "Fresh, delicious",
        "price": "3$"
    }, {
        "_id": {
            "$oid": "D001"
        },
        "name": "BBQ pork buns",
        "image": "https://media-cdn.tripadvisor.com/media/photo-s/0f/10/f3/b0/deep-fried-taro-dumpling.jpg",
        "category": "",
        "shop": "Voony",
        "Description": "Fresh, delicious",
        "price": "4$"
    }, {
        "_id": {
            "$oid": "D002"
        },
        "name": "Fried taro dumplings",
        "image": "https://media-cdn.tripadvisor.com/media/photo-s/0f/10/f3/b0/deep-fried-taro-dumpling.jpg",
        "category": "Dim sum",
        "shop": "Kamo",
        "Description": "Fresh, delicious",
        "price": "3$"
    }, {
        "_id": {
            "$oid": "D003"
        },
        "name": "Pan-fried chhive or leek dumplings",
        "image": "https://i.ytimg.com/vi/LsSku4VvQ5k/sddefault.jpg",
        "category": "Dim sum",
        "shop": "Taro",
        "Description": "Fresh, delicious",
        "price": "5$"
    }, {
        "_id": {
            "$oid": "D004"
        },
        "name": "Sticky rice in lotus leaf",
        "image": "https://www.seriouseats.com/thmb/05Ruy-oH1oqcR-yTzM_dI59rZXY=/1125x1125/smart/filters:no_upscale()/__opt__aboutcom__coeus__resources__content_migration__serious_eats__seriouseats.com__recipes__images__2015__03__20150316-sticky-rice-with-lotus-leaf-shao-zhong-33-1fe07224fcae4ef08ef375bc42513dfe.jpg",
        "category": "Dim sum",
        "shop": "Mano",
        "Description": "Fresh, delicious",
        "price": "4$"
    }, {
        "_id": {
            "$oid": "D005"
        },
        "name": "Soup dimplings",
        "image": "https://www.seriouseats.com/thmb/L-uYEjsOf0BWJN2s2Fcp-L_4I5U=/450x0/filters:no_upscale():max_bytes(150000):strip_icc()/__opt__aboutcom__coeus__resources__content_migration__serious_eats__seriouseats.com__recipes__images__20110408-soup-dumpling11-1e1bb73ed4a347dca736589ad619fe2a.jpg",
        "category": "Dim sum",
        "shop": "Mouy",
        "Description": "Fresh, delicious",
        "price": "3$"
    }, {
        "_id": {
            "$oid": "D006"
        },
        "name": "Pan-fried turnip cake",
        "image": "https://www.seriouseats.com/thmb/05Ruy-oH1oqcR-yTzM_dI59rZXY=/1125x1125/smart/filters:no_upscale()/__opt__aboutcom__coeus__resources__content_migration__serious_eats__seriouseats.com__recipes__images__2015__03__20150316-sticky-rice-with-lotus-leaf-shao-zhong-33-1fe07224fcae4ef08ef375bc42513dfe.jpg",
        "category": "Dim sum",
        "shop": "Chouk",
        "Description": "Fresh, delicious",
        "price": "5$"
    }, {
        "_id": {
            "$oid": "D007"
        },
        "name": "Postickers",
        "image": "https://www.spoonforkbacon.com/wp-content/uploads/2020/07/potsticker-recipe-card.jpg",
        "category": "Dim sum",
        "shop": "Locas",
        "Description": "Fresh, delicious",
        "price": "4$"
    }, {
        "_id": {
            "$oid": "D008"
        },
        "name": "Pineapple custard buns",
        "image": "https://cdn.apartmenttherapy.info/image/upload/f_jpg,q_auto:eco,c_fill,g_auto,w_1500,ar_1:1/k%2FPhoto%2FRecipes%2F2021-12-pinapple-buns%2F211208_ApartmentTherapy_PinappleBuns_0048",
        "category": "Dim sum",
        "shop": "Tapas",
        "Description": "Fresh, delicious",
        "price": "3$"
    }, {
        "_id": {
            "$oid": "D009"
        },
        "name": "Crystal shrimp dumplings",
        "image": "https://redhousespice.com/wp-content/uploads/2020/02/Har-Gow-dim-sum-prawn-dumpling-recipe-card.jpg",
        "category": "Dim sum",
        "shop": "Mikiway",
        "Description": "Fresh, delicious",
        "price": "5$"
    }, {
        "_id": {
            "$oid": "D010"
        },
        "name": "Cocoonuts buns",
        "image": "https://www.womanscribbles.net/wp-content/uploads/2020/05/coconut-buns-4.jpg",
        "category": "Dim sum",
        "shop": "Bous",
        "Description": "Fresh, delicious",
        "price": "4$"
    }, {
        "_id": {
            "$oid": "D011"
        },
        "name": "Coconuts Pudding",
        "image": "https://www.flavourstreat.com/wp-content/uploads/2020/06/coconut-milk-pudding-01.jpg",
        "category": "Dim sum",
        "shop": "Caso",
        "Description": "Fresh, delicious",
        "price": "3$"
    }, {
        "_id": {
            "$oid": "D012"
        },
        "name": "Chicken feet",
        "image": "https://redhousespice.com/wp-content/uploads/2022/04/classic-chicken-feet-dish-scaled.jpg",
        "category": "Dim sum",
        "shop": "Comus",
        "Description": "Fresh, delicious",
        "price": "6$"
    }, {
        "_id": {
            "$oid": "F001"
        },
        "name": "Fried chicken",
        "image": "https://insanelygoodrecipes.com/wp-content/uploads/2020/04/Fried_Chicken-1024x536.png",
        "category": "Fast food",
        "shop": "Ecomous",
        "Description": "Fresh, delicious",
        "price": "5$"
    }, {
        "_id": {
            "$oid": "F002"
        },
        "name": "Beef Hamburger",
        "image": "https://tmbidigitalassetsazure.blob.core.windows.net/rms3-prod/attachments/37/1200x1200/exps41063_SD163614D12_01_3b.jpg",
        "category": "Fast food",
        "shop": "Nano",
        "Description": "Fresh, delicious",
        "price": "3$"
    }, {
        "_id": {
            "$oid": "F003"
        },
        "name": "Sphagetti",
        "image": "https://static.onecms.io/wp-content/uploads/sites/9/2013/12/06/201304-xl-sauce-simmered-spaghetti-al-pomodoro-2000.jpg",
        "category": "Fast food",
        "shop": "KFC",
        "Description": "Fresh, delicious",
        "price": "4$"
    }, {
        "_id": {
            "$oid": "F004"
        },
        "name": "Fried Fish",
        "image": "https://www.thespruceeats.com/thmb/gDQuIvocqHlNDTlTZs65yJVSO7o=/2848x2848/smart/filters:no_upscale()/easy-fried-fish-fillets-3056505-Final-5b9fc8b6c9e77c0050cd8171-e0c602a3dbae4d56955ea69bb4100207.jpg",
        "category": "Fast food",
        "shop": "Camu",
        "Description": "Fresh, delicious",
        "price": "3.5$"
    }, {
        "_id": {
            "$oid": "F005"
        },
        "name": "Fruit Salad",
        "image": "https://images.immediate.co.uk/production/volatile/sites/30/2020/08/fruit-salad-9e9687f.jpg",
        "category": "Fast food",
        "shop": "Toiler",
        "Description": "Fresh, delicious",
        "price": "5$"
    }, {
        "_id": {
            "$oid": "F006"
        },
        "name": "Hotdog",
        "image": "https://media-cldnry.s-nbcnews.com/image/upload/newscms/2020_27/1586836/hotdogs-te-square-200702.jpg",
        "category": "Fast food",
        "shop": "Lottery",
        "Description": "Fresh, delicious",
        "price": "2.5$"
    }, {
        "_id": {
            "$oid": "F007"
        },
        "name": "French Fries",
        "image": "https://thecozycook.com/wp-content/uploads/2020/02/Copycat-McDonalds-French-Fries-.jpg",
        "category": "Fast food",
        "shop": "Visal",
        "Description": "Fresh, delicious",
        "price": "2.5$"
    }, {
        "_id": {
            "$oid": "F008"
        },
        "name": "Pizza",
        "image": "https://thecozycook.com/wp-content/uploads/2020/02/Copycat-McDonalds-French-Fries-.jpg",
        "category": "Fast food",
        "shop": "Kori Kori",
        "Description": "Fresh, delicious",
        "price": "11$"
    }, {
        "_id": {
            "$oid": "F009"
        },
        "name": "Tekbooki",
        "image": "https://thecozycook.com/wp-content/uploads/2020/02/Copycat-McDonalds-French-Fries-.jpg",
        "category": "Fast food",
        "shop": "Mashu",
        "Description": "Fresh, delicious",
        "price": "5.5$"
    }, {
        "_id": {
            "$oid": "F010"
        },
        "name": "Coke",
        "image": "https://thecozycook.com/wp-content/uploads/2020/02/Copycat-McDonalds-French-Fries-.jpg",
        "category": "Fast food",
        "shop": "Mashu",
        "Description": "Fresh, delicious",
        "price": "2,5$"
    }, {
        "_id": {
            "$oid": "F011"
        },
        "name": "Sandwich",
        "image": "https://imagesvc.meredithcorp.io/v3/mm/image?url=https%3A%2F%2Fstatic.onecms.io%2Fwp-content%2Fuploads%2Fsites%2F44%2F2022%2F03%2F01%2Fcucumber-sandwich.jpg&q=60",
        "category": "Fast food",
        "shop": "Mama food",
        "Description": "Fresh, delicious",
        "price": "2$"
    }, {
        "_id": {
            "$oid": "F012"
        },
        "name": "Taco",
        "image": "https://img.taste.com.au/w_-0kcUJ/taste/2016/11/aussie-style-beef-and-salad-tacos-86525-1.jpeg",
        "category": "Fast food",
        "shop": "Bamboo",
        "Description": "Fresh, delicious",
        "price": "3$"
    }, {
        "_id": {
            "$oid": "H001"
        },
        "name": "Casserole",
        "image": "https://img.taste.com.au/w_-0kcUJ/taste/2016/11/aussie-style-beef-and-salad-tacos-86525-1.jpeg",
        "category": "Healthy food",
        "shop": "Pano",
        "Description": "Fresh, delicious",
        "price": "2$"
    }, {
        "_id": {
            "$oid": "H002"
        },
        "name": "Vegetable Noodle Soup",
        "image": "https://food.fnr.sndimg.com/content/dam/images/food/fullset/2008/7/2/0/veg_noodle_soup.jpg.rend.hgtvcom.616.462.suffix/1409752601567.jpeg",
        "category": "Healthy food",
        "shop": "ELIN CUTE",
        "Description": "Fresh, delicious",
        "price": "2$"
    }, {
        "_id": {
            "$oid": "H003"
        },
        "name": "Oil and Vinegar Slaw",
        "image": "https://food.fnr.sndimg.com/content/dam/images/food/fullset/2011/8/4/0/TM1E23_oil-and-vinegar-slaw_s4x3.jpg.rend.hgtvcom.616.462.suffix/1547649881803.jpeg",
        "category": "Healthy food",
        "shop": "Vampoo",
        "Description": "Fresh, delicious",
        "price": "4$"
    }, {
        "_id": {
            "$oid": "H004"
        },
        "name": "Quinoa salad",
        "image": "https://www.chelseasmessyapron.com/wp-content/uploads/2017/05/Quinoa-Salad-1.jpeg",
        "category": "Healthy food",
        "shop": "Japonni",
        "Description": "Fresh, delicious",
        "price": "3.5$"
    }, {
        "_id": {
            "$oid": "H005"
        },
        "name": "Buritto",
        "image": "https://upload.wikimedia.org/wikipedia/commons/6/60/Burrito.JPG",
        "category": "Healthy food",
        "shop": "Komo",
        "Description": "Fresh, delicious",
        "price": "3$"
    }, {
        "_id": {
            "$oid": "H006"
        },
        "name": "China seed pudding",
        "image": "https://cdn.loveandlemons.com/wp-content/uploads/2021/05/chia-seed-pudding.jpg",
        "category": "Healthy food",
        "shop": "Komo",
        "Description": "Fresh, delicious",
        "price": "3$"
    }, {
        "_id": {
            "$oid": "H007"
        },
        "name": "Broccoli cheddar soup",
        "image": "https://hips.hearstapps.com/hmg-prod/images/broccoli-cheddar-soup-horizontal-1540413281.png",
        "category": "Healthy food",
        "shop": "Komo",
        "Description": "Fresh, delicious",
        "price": "2$"
    }, {
        "_id": {
            "$oid": "H008"
        },
        "name": "Gazpacho",
        "image": "https://assets.bonappetit.com/photos/57aca0e0f1c801a1038bc671/4:3/w_2959,h_2219,c_limit/summer-gazpacho.jpg",
        "category": "Healthy food",
        "shop": "Komo",
        "Description": "Fresh, delicious",
        "price": "2$"
    }, {
        "_id": {
            "$oid": "H009"
        },
        "name": "Cauliflower rice",
        "image": "https://www.simplyrecipes.com/thmb/-zCjhoM0dn55e3ES_qjgZfgTSgc=/2000x1125/smart/filters:no_upscale()/__opt__aboutcom__coeus__resources__content_migration__simply_recipes__uploads__2019__01__HT-Cauliflower-Rice-LEAD-5-bdaff78e5155414486675b7f90fa3782.jpg",
        "category": "Healthy food",
        "shop": "Pich Pich",
        "Description": "Fresh, delicious",
        "price": "5$"
    }, {
        "_id": {
            "$oid": "H009"
        },
        "name": "Cauliflower rice",
        "image": "https://www.simplyrecipes.com/thmb/-zCjhoM0dn55e3ES_qjgZfgTSgc=/2000x1125/smart/filters:no_upscale()/__opt__aboutcom__coeus__resources__content_migration__simply_recipes__uploads__2019__01__HT-Cauliflower-Rice-LEAD-5-bdaff78e5155414486675b7f90fa3782.jpg",
        "category": "Healthy food",
        "shop": "Pich Pich",
        "Description": "Fresh, delicious",
        "price": "3$"
    }, {
        "_id": {
            "$oid": "H010"
        },
        "name": "Garlic sauteed spinach",
        "image": "https://food.fnr.sndimg.com/content/dam/images/food/fullset/2012/11/12/0/FN_Ina-Garten-Sauteed-Spinach_s4x3.jpg.rend.hgtvcom.616.462.suffix/1384540890993.jpeg",
        "category": "Healthy food",
        "shop": "Pachiko",
        "Description": "Fresh, delicious",
        "price": "4$"
    }, {
        "_id": {
            "$oid": "H011"
        },
        "name": "Lentil soup",
        "image": "https://food.fnr.sndimg.com/content/dam/images/food/fullset/2012/11/12/0/FN_Ina-Garten-Sauteed-Spinach_s4x3.jpg.rend.hgtvcom.616.462.suffix/1384540890993.jpeg",
        "category": "Healthy food",
        "shop": "Pachiko",
        "Description": "Fresh, delicious",
        "price": "4$"
    }, {
        "_id": {
            "$oid": "H012"
        },
        "name": "Fruit smootie",
        "image": "https://hips.hearstapps.com/hmg-prod/images/delish-how-to-make-a-smoothie-horizontal-1542310071.png",
        "category": "Healthy food",
        "shop": "Gogo",
        "Description": "Fresh, delicious",
        "price": "3$"
    }, {
        "_id": {
            "$oid": "K001"
        },
        "name": "Curry soup",
        "image": "https://simply-delicious-food.com/wp-content/uploads/2018/09/chicken-curry-soup-3.jpg",
        "category": "Khmer food",
        "shop": "Hamo",
        "Description": "Fresh, delicious",
        "price": "2$"
    }, {
        "_id": {
            "$oid": "K003"
        },
        "name": "Khmer amok",
        "image": "https://www.yourphnompenh.com/order/files/2021/06/steamed.jpg",
        "category": "Khmer food",
        "shop": "Gogo",
        "Description": "Fresh, delicious",
        "price": "3$"
    }, {
        "_id": {
            "$oid": "K004"
        },
        "name": "",
        "image": "https://spicecravings.com/wp-content/uploads/2021/09/Air-Fryer-Garlic-Bread-Featured.jpg",
        "category": "Steam rice",
        "shop": "Gogo",
        "Description": "Fresh, delicious",
        "price": "3$"
    }, {
        "_id": {
            "$oid": "K005"
        },
        "name": "Garlic bread",
        "image": "https://hips.hearstapps.com/hmg-prod/images/delish-how-to-make-a-smoothie-horizontal-1542310071.png",
        "category": "Khmer food",
        "shop": "Gogo",
        "Description": "Fresh, delicious",
        "price": "3$"
    }, {
        "_id": {
            "$oid": "K006"
        },
        "name": "Thai boat noodle",
        "image": "https://www.saveur.com/uploads/2019/02/08/SUTDUVS4JRRG6HXKSN2FT6QAZA.jpg?auto=webp",
        "category": "Khmer food",
        "shop": "Gogo",
        "Description": "Fresh, delicious",
        "price": "3$"
    }, {
        "_id": {
            "$oid": "K007"
        },
        "name": "Beef Stew Bread",
        "image": "https://www.saveur.com/uploads/2019/02/08/SUTDUVS4JRRG6HXKSN2FT6QAZA.jpg?auto=webp",
        "category": "Khmer food",
        "shop": "Nam",
        "Description": "Fresh, delicious",
        "price": "3$"
    }, {
        "_id": {
            "$oid": "K008"
        },
        "name": "Porridge",
        "image": "https://www.cookitrealgood.com/wp-content/uploads/2020/05/bananaporridge7-720x720.jpg",
        "category": "Khmer food",
        "shop": "Nam",
        "Description": "Fresh, delicious",
        "price": "3$"
    }, {
        "_id": {
            "$oid": "K009"
        },
        "name": "Chicken Rice",
        "image": "https://www.saveur.com/uploads/2019/02/08/SUTDUVS4JRRG6HXKSN2FT6QAZA.jpg?auto=webp",
        "category": "Khmer food",
        "shop": "Nam",
        "Description": "Fresh, delicious",
        "price": "3$"
    }, {
        "_id": {
            "$oid": "K010"
        },
        "name": "Chiicken Ginger",
        "image": "https://static.toiimg.com/photo/59898255.cms",
        "category": "Khmer food",
        "shop": "Nam",
        "Description": "Fresh, delicious",
        "price": "3$"
    }, {
        "_id": {
            "$oid": "K011"
        },
        "name": "Pork with Rice",
        "image": "https://www.lordbyronskitchen.com/wp-content/uploads/2019/06/2-10.jpg",
        "category": "Khmer food",
        "shop": "Nam",
        "Description": "Fresh, delicious",
        "price": "3$"
    }, {
        "_id": {
            "$oid": "K012"
        },
        "name": "Beef with Rice",
        "image": "https://www.lordbyronskitchen.com/wp-content/uploads/2019/06/2-10.jpg",
        "category": "Khmer food",
        "shop": "Nam",
        "Description": "Fresh, delicious",
        "price": "3$"
    }, {
        "_id": {
            "$oid": "N001"
        },
        "name": "Noodle with Beef",
        "image": "https://www.kitchensanctuary.com/wp-content/uploads/2018/01/Crispy-Chilli-Beef-Noodles-recipe-square-FS.jpg",
        "category": "Noodle",
        "shop": "Nam",
        "Description": "Fresh, delicious",
        "price": "3$"
    }, {
        "_id": {
            "$oid": "N002"
        },
        "name": "Noodle with pork",
        "image": "https://iamhomesteader.com/wp-content/uploads/2020/02/spicy-noodles.jpg",
        "category": "Noodle",
        "shop": "Nam",
        "Description": "Fresh, delicious",
        "price": "3$"
    }, {
        "_id": {
            "$oid": "N003"
        },
        "name": "Noodle with Fish",
        "image": "https://iamhomesteader.com/wp-content/uploads/2020/02/spicy-noodles.jpg",
        "category": "Noodle",
        "shop": "Nam",
        "Description": "Fresh, delicious",
        "price": "3$"
    }, {
        "_id": {
            "$oid": "N004"
        },
        "name": "Flate rice Noodle",
        "image": "https://woonheng.com/wp-content/uploads/2021/08/Dry-Toss-Flat-Rice-Noodle-3660-e1628700066731.jpg",
        "category": "Noodle",
        "shop": "Nam",
        "Description": "Fresh, delicious",
        "price": "3$"
    }, {
        "_id": {
            "$oid": "N005"
        },
        "name": "Fried Noodle",
        "image": "https://www.whiskaffair.com/wp-content/uploads/2021/04/Cantonese-Pan-Fried-Noodles-2-3.jpg",
        "category": "Noodle",
        "shop": "Nam",
        "Description": "Fresh, delicious",
        "price": "3$"
    }, {
        "_id": {
            "$oid": "N006"
        },
        "name": "Taglittelle",
        "image": "https://hips.hearstapps.com/hmg-prod.s3.amazonaws.com/images/mushroomandbacontagliatelle-1643320441.jpg",
        "category": "Noodle",
        "shop": "Nam",
        "Description": "Fresh, delicious",
        "price": "3$"
    }, {
        "_id": {
            "$oid": "N007"
        },
        "name": "Udon",
        "image": "https://www.justonecookbook.com/wp-content/uploads/2021/11/Beef-Udon-4306-I.jpg",
        "category": "Noodle",
        "shop": "Nam",
        "Description": "Fresh, delicious",
        "price": "3$"
    }, {
        "_id": {
            "$oid": "N008"
        },
        "name": "Soba",
        "image": "https://www.thespruceeats.com/thmb/TpJAsHujMkin45VJLOZuNr3x94k=/1500x1000/filters:fill(auto,1)/zaru-soba-2031635-Hero_02-80c9e4d6661d460682fadb946f107f6a.jpg",
        "category": "Noodle",
        "shop": "Nam",
        "Description": "Fresh, delicious",
        "price": "3$"
    }, {
        "_id": {
            "$oid": "N009"
        },
        "name": "Mei fun",
        "image": "https://thewoksoflife.com/wp-content/uploads/2020/10/chicken-mei-fun-13.jpg",
        "category": "Noodle",
        "shop": "Nam",
        "Description": "Fresh, delicious",
        "price": "3$"
    }, {
        "_id": {
            "$oid": "N010"
        },
        "name": "Dao Xiao Mian",
        "image": "https://upload.wikimedia.org/wikipedia/commons/thumb/9/91/Daoxiaomian_at_Beixinqiao%2C_Beijing_%2820201011183536%29.jpg/1200px-Daoxiaomian_at_Beixinqiao%2C_Beijing_%2820201011183536%29.jpg",
        "category": "Noodle",
        "shop": "Nam",
        "Description": "Fresh, delicious",
        "price": "3$"
    }, {
        "_id": {
            "$oid": "N011"
        },
        "name": "Ramen",
        "image": "https://www.elmundoeats.com/wp-content/uploads/2021/02/FP-Quick-30-minutes-chicken-ramen.jpg",
        "category": "Noodle",
        "shop": "Nam",
        "Description": "Fresh, delicious",
        "price": "3$"
    }, {
        "_id": {
            "$oid": "N012"
        },
        "name": "Somen",
        "image": "https://www.thespruceeats.com/thmb/trb7vRQd1_QU33APodx6zZ_0YAw=/450x0/filters:no_upscale():max_bytes(150000):strip_icc()/nyumen-2031630-hero-01-00a9464f84b24eddb4b57f372da5d2f2.jpg",
        "category": "Noodle",
        "shop": "Nam",
        "Description": "Fresh, delicious",
        "price": "3$"
    }, {
        "_id": {
            "$oid": "S001"
        },
        "name": "Somen",
        "image": "https://assets.epicurious.com/photos/54ac0a9019925f464b3a67ff/master/pass/51239930_grilled-sesame-squid_1x1.jpg",
        "category": "Noodle",
        "shop": "Nam",
        "Description": "Fresh, delicious",
        "price": "3$"
    }, {
        "_id": {
            "$oid": "S002"
        },
        "name": "Somen",
        "image": "https://www.thespruceeats.com/thmb/trb7vRQd1_QU33APodx6zZ_0YAw=/450x0/filters:no_upscale():max_bytes(150000):strip_icc()/nyumen-2031630-hero-01-00a9464f84b24eddb4b57f372da5d2f2.jpg",
        "category": "Noodle",
        "shop": "Nam",
        "Description": "Fresh, delicious",
        "price": "3$"
    }, {
        "_id": {
            "$oid": "S003"
        },
        "name": "Somen",
        "image": "https://www.foodunfolded.com/images/uploads/article-images/snails-as-sustainable-food-in-article-1.jpg",
        "category": "Noodle",
        "shop": "Nam",
        "Description": "Fresh, delicious",
        "price": "3$"
    }, {
        "_id": {
            "$oid": "S004"
        },
        "name": "Somen",
        "image": "https://www.thespruceeats.com/thmb/trb7vRQd1_QU33APodx6zZ_0YAw=/450x0/filters:no_upscale():max_bytes(150000):strip_icc()/nyumen-2031630-hero-01-00a9464f84b24eddb4b57f372da5d2f2.jpg",
        "category": "Noodle",
        "shop": "Nam",
        "Description": "Fresh, delicious",
        "price": "3$"
    }, {
        "_id": {
            "$oid": "S005"
        },
        "name": "Somen",
        "image": "https://www.verywellfit.com/thmb/UaZOmfzXhzwRB19ee56qygMKYG0=/2002x2002/smart/filters:no_upscale()/oysters-crop-91d640312de14ba0ac944a983627d883.jpg",
        "category": "Noodle",
        "shop": "Nam",
        "Description": "Fresh, delicious",
        "price": "3$"
    }, {
        "_id": {
            "$oid": "S006"
        },
        "name": "Somen",
        "image": "https://www.foodfromportugal.com/content/uploads/2020/06/clams-bacon-garlic-01.jpg",
        "category": "Noodle",
        "shop": "Nam",
        "Description": "Fresh, delicious",
        "price": "3$"
    }, {
        "_id": {
            "$oid": "S007"
        },
        "name": "Somen",
        "image": "https://www.thespruceeats.com/thmb/trb7vRQd1_QU33APodx6zZ_0YAw=/450x0/filters:no_upscale():max_bytes(150000):strip_icc()/nyumen-2031630-hero-01-00a9464f84b24eddb4b57f372da5d2f2.jpg",
        "category": "Noodle",
        "shop": "Nam",
        "Description": "Fresh, delicious",
        "price": "3$"
    }, {
        "_id": {
            "$oid": "S008"
        },
        "name": "Somen",
        "image": "https://www.rodaint.com/wp-content/uploads/2020/03/shutterstock_529691926.jpg",
        "category": "Noodle",
        "shop": "Nam",
        "Description": "Fresh, delicious",
        "price": "3$"
    }, {
        "_id": {
            "$oid": "S009"
        },
        "name": "Somen",
        "image": "https://www.sbs.com.au/food/sites/sbs.com.au.food/files/christmas-lobster-hand-rolls.jpg",
        "category": "Noodle",
        "shop": "Nam",
        "Description": "Fresh, delicious",
        "price": "3$"
    }, {
        "_id": {
            "$oid": "S010"
        },
        "name": "Somen",
        "image": "https://www.thespruceeats.com/thmb/cGk_xAeZCUgWdo7bLr3MOIuY4B4=/1885x1414/smart/filters:no_upscale()/Grilled-shrimp-GettyImages-477615482-5881a7995f9b58bdb3b40622.jpg",
        "category": "Noodle",
        "shop": "Nam",
        "Description": "Fresh, delicious",
        "price": "3$"
    }, {
        "_id": {
            "$oid": "S011"
        },
        "name": "Somen",
        "image": "https://insanelygoodrecipes.com/wp-content/uploads/2020/09/Baked-Salmon-Steak-with-Herbs-and-Lemons-480x270.png",
        "category": "Noodle",
        "shop": "Nam",
        "Description": "Fresh, delicious",
        "price": "3$"
    }, {
        "_id": {
            "$oid": "S012"
        },
        "name": "Somen",
        "image": "https://lh6.googleusercontent.com/DeHsaiZNjMgQ7KOMqu5BzSteUsVKf0obfPMqDtG16slGzEw397kdedJ9QB-6bZfMUQoLoYzvX0FLnzdJfKt8dxUOxd9J35c07xxJF6q1s6isM1YyiJOMj7nRERhbiXg8qQ96ZB6w=s0",
        "category": "Noodle",
        "shop": "Nam",
        "Description": "Fresh, delicious",
        "price": "3$"
    }, {
        "_id": {
            "$oid": "SF001"
        },
        "name": "Salmon",
        "image": "https://lh6.googleusercontent.com/DeHsaiZNjMgQ7KOMqu5BzSteUsVKf0obfPMqDtG16slGzEw397kdedJ9QB-6bZfMUQoLoYzvX0FLnzdJfKt8dxUOxd9J35c07xxJF6q1s6isM1YyiJOMj7nRERhbiXg8qQ96ZB6w=s0",
        "category": "Street Food",
        "shop": "Nam",
        "Description": "Fresh, delicious",
        "price": "3$"
    }, {
        "_id": {
            "$oid": "SF002"
        },
        "name": "Fried Noodle",
        "image": "https://static.onecms.io/wp-content/uploads/sites/43/2022/02/22/79543-fried-rice-restaurant-style-mfs-49.jpg",
        "category": "Street Food",
        "shop": "Nam",
        "Description": "Fresh, delicious",
        "price": "3$"
    }, {
        "_id": {
            "$oid": "SF003"
        },
        "name": "Fried Rice",
        "image": "https://insanelygoodrecipes.com/wp-content/uploads/2020/04/Fried_Chicken-1024x536.png",
        "category": "Street Food",
        "shop": "Nam",
        "Description": "Fresh, delicious",
        "price": "3$"
    }, {
        "_id": {
            "$oid": "SF004"
        },
        "name": "Fried Chicken",
        "image": "https://lh6.googleusercontent.com/DeHsaiZNjMgQ7KOMqu5BzSteUsVKf0obfPMqDtG16slGzEw397kdedJ9QB-6bZfMUQoLoYzvX0FLnzdJfKt8dxUOxd9J35c07xxJF6q1s6isM1YyiJOMj7nRERhbiXg8qQ96ZB6w=s0",
        "category": "Street Food",
        "shop": "Nam",
        "Description": "Fresh, delicious",
        "price": "3$"
    }, {
        "_id": {
            "$oid": "SF005"
        },
        "name": "Noodle soup",
        "image": "https://sugargeekshow.com/wp-content/uploads/2020/10/baked_donut_recipe_featured.jpg",
        "category": "Street Food",
        "shop": "Nam",
        "Description": "Fresh, delicious",
        "price": "3$"
    }, {
        "_id": {
            "$oid": "SF006"
        },
        "name": "Donuts",
        "image": "https://cdn.apartmenttherapy.info/image/upload/f_jpg,q_auto:eco,c_fill,g_auto,w_1500,ar_1:1/k%2FPhoto%2FRecipes%2F2022-03_cucumber-sandwiches%2F2022-03-08_ATK-6468",
        "category": "Street Food",
        "shop": "Nam",
        "Description": "Fresh, delicious",
        "price": "3$"
    }, {
        "_id": {
            "$oid": "SF007"
        },
        "name": "Sandwiches",
        "image": "https://food.fnr.sndimg.com/content/dam/images/food/fullset/2004/2/25/0/bw2b07_hambugers1.jpg.rend.hgtvcom.616.462.suffix/1558017418187.jpeg",
        "category": "Street Food",
        "shop": "Nam",
        "Description": "Fresh, delicious",
        "price": "3$"
    }, {
        "_id": {
            "$oid": "SF008"
        },
        "name": "Cake",
        "image": "https://lh6.googleusercontent.com/DeHsaiZNjMgQ7KOMqu5BzSteUsVKf0obfPMqDtG16slGzEw397kdedJ9QB-6bZfMUQoLoYzvX0FLnzdJfKt8dxUOxd9J35c07xxJF6q1s6isM1YyiJOMj7nRERhbiXg8qQ96ZB6w=s0",
        "category": "Street Food",
        "shop": "Nam",
        "Description": "Fresh, delicious",
        "price": "3$"
    }, {
        "_id": {
            "$oid": "SF009"
        },
        "name": "Orange Juice",
        "image": "https://post.healthline.com/wp-content/uploads/2020/08/orange-juice-732x549-thumbnail-732x549.jpg",
        "category": "Street Food",
        "shop": "Nam",
        "Description": "Fresh, delicious",
        "price": "3$"
    }, {
        "_id": {
            "$oid": "SF010"
        },
        "name": "Apple Juice",
        "image": "https://usakor.com/jayskitchen/wp-content/uploads/sites/157/2020/07/apple.jpg",
        "category": "Street Food",
        "shop": "Nam",
        "Description": "Fresh, delicious",
        "price": "3$"
    }, {
        "_id": {
            "$oid": "SF011"
        },
        "name": "Taco",
        "image": "https://img.taste.com.au/w_-0kcUJ/taste/2016/11/aussie-style-beef-and-salad-tacos-86525-1.jpeg",
        "category": "Street Food",
        "shop": "Nam",
        "Description": "Fresh, delicious",
        "price": "3$"
    }, {
        "_id": {
            "$oid": "SF012"
        },
        "name": "Hotdog",
        "image": "https://lh6.googleusercontent.com/DeHsaiZNjMgQ7KOMqu5BzSteUsVKf0obfPMqDtG16slGzEw397kdedJ9QB-6bZfMUQoLoYzvX0FLnzdJfKt8dxUOxd9J35c07xxJF6q1s6isM1YyiJOMj7nRERhbiXg8qQ96ZB6w=s0",
        "category": "Street Food",
        "shop": "Nam",
        "Description": "Fresh, delicious",
        "price": "3$"
    }

]